task,skill,layer,v_cos,v_rel_l2,k_raw_cos,k_cos,k_rel_l2
internal_comms_incident_update,internal-comms,0,1.0,0.0018,0.9234,1.0,0.0029
internal_comms_incident_update,internal-comms,1,0.9871,0.1432,0.6277,0.9976,0.0635
internal_comms_incident_update,internal-comms,2,0.9758,0.1992,0.6972,0.9923,0.1217
internal_comms_incident_update,internal-comms,3,0.9772,0.1979,0.4503,0.9815,0.1873
internal_comms_incident_update,internal-comms,4,0.9749,0.2069,0.5624,0.9812,0.1866
internal_comms_incident_update,internal-comms,5,0.9644,0.2444,0.5437,0.9869,0.1542
internal_comms_incident_update,internal-comms,6,0.9714,0.2234,0.3562,0.9648,0.2512
internal_comms_incident_update,internal-comms,7,0.9724,0.2135,0.7565,0.986,0.1667
internal_comms_incident_update,internal-comms,8,0.9722,0.2106,0.7927,0.9918,0.1172
internal_comms_incident_update,internal-comms,9,0.9783,0.1891,0.6036,0.9908,0.1328
internal_comms_incident_update,internal-comms,10,0.9761,0.1964,0.8466,0.9944,0.0904
internal_comms_incident_update,internal-comms,11,0.9722,0.2138,0.6197,0.9875,0.146
internal_comms_incident_update,internal-comms,12,0.9617,0.2549,0.5795,0.967,0.2428
internal_comms_incident_update,internal-comms,13,0.9529,0.2781,0.5565,0.9674,0.2468
internal_comms_incident_update,internal-comms,14,0.9403,0.3094,0.5386,0.9727,0.2201
internal_comms_incident_update,internal-comms,15,0.9456,0.2964,0.6171,0.973,0.2215
internal_comms_incident_update,internal-comms,16,0.9293,0.3379,0.7381,0.9778,0.2008
internal_comms_incident_update,internal-comms,17,0.9257,0.3526,0.6106,0.9531,0.2959
internal_comms_incident_update,internal-comms,18,0.9028,0.4025,0.6352,0.9384,0.3313
internal_comms_incident_update,internal-comms,19,0.9074,0.3912,0.5602,0.9385,0.3334
internal_comms_incident_update,internal-comms,20,0.889,0.4262,0.6375,0.9423,0.3254
internal_comms_incident_update,internal-comms,21,0.8757,0.4587,0.705,0.9089,0.4129
internal_comms_incident_update,internal-comms,22,0.8695,0.4664,0.6085,0.936,0.3275
internal_comms_incident_update,internal-comms,23,0.8711,0.4604,0.6487,0.915,0.3973
internal_comms_incident_update,internal-comms,24,0.8741,0.453,0.6768,0.8859,0.4637
internal_comms_incident_update,internal-comms,25,0.8662,0.4753,0.8192,0.9586,0.2865
internal_comms_incident_update,internal-comms,26,0.8933,0.4091,0.686,0.9159,0.387
internal_comms_incident_update,internal-comms,27,0.899,0.3982,0.6498,0.9424,0.3154
internal_comms_incident_update,internal-comms,28,0.9286,0.3232,0.6494,0.9098,0.4056
internal_comms_incident_update,internal-comms,29,0.9228,0.3399,0.6048,0.9301,0.3368
internal_comms_incident_update,internal-comms,30,0.9208,0.3411,0.6188,0.9509,0.2893
internal_comms_incident_update,internal-comms,31,0.9196,0.3552,0.616,0.9473,0.3126
internal_comms_incident_update,internal-comms,32,0.9292,0.3249,0.5591,0.9436,0.3161
internal_comms_incident_update,internal-comms,33,0.9335,0.3063,0.6018,0.925,0.3693
internal_comms_incident_update,internal-comms,34,0.935,0.3035,0.6575,0.9164,0.3865
internal_comms_incident_update,internal-comms,35,0.938,0.2897,0.6497,0.9156,0.3798
internal_comms_incident_update,internal-comms,36,0.9239,0.3391,0.6227,0.9497,0.2896
internal_comms_incident_update,internal-comms,37,0.9363,0.304,0.5767,0.9512,0.2776
internal_comms_incident_update,internal-comms,38,0.9281,0.329,0.6866,0.9579,0.277
internal_comms_incident_update,internal-comms,39,0.9297,0.3363,0.7386,0.9842,0.162
doc_coauthoring_design_doc,doc-coauthoring,0,1.0,0.0,0.9305,1.0,0.0025
doc_coauthoring_design_doc,doc-coauthoring,1,0.9969,0.0645,0.7123,0.9995,0.0262
doc_coauthoring_design_doc,doc-coauthoring,2,0.9938,0.0892,0.7341,0.9982,0.0507
doc_coauthoring_design_doc,doc-coauthoring,3,0.9938,0.095,0.528,0.9951,0.0867
doc_coauthoring_design_doc,doc-coauthoring,4,0.9927,0.1025,0.6132,0.995,0.0873
doc_coauthoring_design_doc,doc-coauthoring,5,0.9894,0.124,0.5901,0.9967,0.0717
doc_coauthoring_design_doc,doc-coauthoring,6,0.9902,0.123,0.4418,0.9919,0.1064
doc_coauthoring_design_doc,doc-coauthoring,7,0.9922,0.109,0.7921,0.9964,0.0783
doc_coauthoring_design_doc,doc-coauthoring,8,0.9923,0.1071,0.8066,0.9979,0.0567
doc_coauthoring_design_doc,doc-coauthoring,9,0.9945,0.0905,0.6767,0.9975,0.0641
doc_coauthoring_design_doc,doc-coauthoring,10,0.9938,0.0948,0.8714,0.9985,0.044
doc_coauthoring_design_doc,doc-coauthoring,11,0.9933,0.0991,0.6858,0.9972,0.0634
doc_coauthoring_design_doc,doc-coauthoring,12,0.9921,0.106,0.6271,0.9931,0.1007
doc_coauthoring_design_doc,doc-coauthoring,13,0.9885,0.1281,0.6051,0.993,0.1015
doc_coauthoring_design_doc,doc-coauthoring,14,0.9853,0.1454,0.6074,0.9939,0.096
doc_coauthoring_design_doc,doc-coauthoring,15,0.9867,0.1355,0.6714,0.9942,0.0961
doc_coauthoring_design_doc,doc-coauthoring,16,0.9809,0.1594,0.7813,0.9948,0.0887
doc_coauthoring_design_doc,doc-coauthoring,17,0.9804,0.1677,0.6644,0.9892,0.1274
doc_coauthoring_design_doc,doc-coauthoring,18,0.9731,0.1958,0.6864,0.9827,0.1628
doc_coauthoring_design_doc,doc-coauthoring,19,0.9715,0.1998,0.5893,0.9822,0.1619
doc_coauthoring_design_doc,doc-coauthoring,20,0.9638,0.2235,0.6815,0.9824,0.1647
doc_coauthoring_design_doc,doc-coauthoring,21,0.9594,0.2436,0.7465,0.9683,0.228
doc_coauthoring_design_doc,doc-coauthoring,22,0.9566,0.2495,0.6329,0.9773,0.1802
doc_coauthoring_design_doc,doc-coauthoring,23,0.9576,0.2437,0.6849,0.9711,0.2154
doc_coauthoring_design_doc,doc-coauthoring,24,0.9588,0.2417,0.7394,0.9542,0.2805
doc_coauthoring_design_doc,doc-coauthoring,25,0.9551,0.2562,0.8367,0.9837,0.1697
doc_coauthoring_design_doc,doc-coauthoring,26,0.9647,0.217,0.7177,0.9679,0.2248
doc_coauthoring_design_doc,doc-coauthoring,27,0.9657,0.2147,0.6925,0.9792,0.1752
doc_coauthoring_design_doc,doc-coauthoring,28,0.9747,0.1771,0.6756,0.9662,0.2335
doc_coauthoring_design_doc,doc-coauthoring,29,0.9737,0.1795,0.6442,0.974,0.1897
doc_coauthoring_design_doc,doc-coauthoring,30,0.9717,0.1855,0.6671,0.9828,0.1571
doc_coauthoring_design_doc,doc-coauthoring,31,0.972,0.1925,0.655,0.9812,0.1702
doc_coauthoring_design_doc,doc-coauthoring,32,0.975,0.1726,0.6071,0.9788,0.1812
doc_coauthoring_design_doc,doc-coauthoring,33,0.9773,0.1584,0.6618,0.9707,0.2178
doc_coauthoring_design_doc,doc-coauthoring,34,0.9775,0.1583,0.6947,0.9669,0.2317
doc_coauthoring_design_doc,doc-coauthoring,35,0.9788,0.1482,0.6676,0.9645,0.2354
doc_coauthoring_design_doc,doc-coauthoring,36,0.9737,0.1749,0.6533,0.98,0.1715
doc_coauthoring_design_doc,doc-coauthoring,37,0.9786,0.1547,0.6413,0.9806,0.1648
doc_coauthoring_design_doc,doc-coauthoring,38,0.9747,0.1726,0.7288,0.983,0.1658
doc_coauthoring_design_doc,doc-coauthoring,39,0.9762,0.1785,0.7733,0.994,0.0945
mcp_server_and_spec,mcp-builder,0,1.0,0.0,0.9257,1.0,0.0023
mcp_server_and_spec,mcp-builder,1,0.9951,0.0863,0.6397,0.9991,0.0382
mcp_server_and_spec,mcp-builder,2,0.9909,0.1127,0.7124,0.9972,0.0662
mcp_server_and_spec,mcp-builder,3,0.9916,0.1123,0.4495,0.9935,0.1038
mcp_server_and_spec,mcp-builder,4,0.9905,0.1188,0.5803,0.9936,0.0996
mcp_server_and_spec,mcp-builder,5,0.987,0.1378,0.5564,0.9958,0.0825
mcp_server_and_spec,mcp-builder,6,0.9888,0.1314,0.4004,0.9898,0.1229
mcp_server_and_spec,mcp-builder,7,0.9907,0.1177,0.773,0.9954,0.0899
mcp_server_and_spec,mcp-builder,8,0.9902,0.1193,0.7862,0.9974,0.0649
mcp_server_and_spec,mcp-builder,9,0.9925,0.1057,0.6439,0.9967,0.0749
mcp_server_and_spec,mcp-builder,10,0.9912,0.1123,0.8581,0.9981,0.051
mcp_server_and_spec,mcp-builder,11,0.9899,0.1211,0.6597,0.996,0.0774
mcp_server_and_spec,mcp-builder,12,0.9881,0.1319,0.6099,0.9909,0.1189
mcp_server_and_spec,mcp-builder,13,0.9818,0.1641,0.5674,0.9904,0.1238
mcp_server_and_spec,mcp-builder,14,0.9766,0.1876,0.5772,0.9912,0.1206
mcp_server_and_spec,mcp-builder,15,0.9761,0.1905,0.6397,0.99,0.132
mcp_server_and_spec,mcp-builder,16,0.9663,0.2263,0.7517,0.991,0.1227
mcp_server_and_spec,mcp-builder,17,0.9627,0.2477,0.6511,0.9784,0.1929
mcp_server_and_spec,mcp-builder,18,0.9531,0.2732,0.6742,0.9691,0.228
mcp_server_and_spec,mcp-builder,19,0.9538,0.2663,0.5582,0.97,0.223
mcp_server_and_spec,mcp-builder,20,0.9439,0.2879,0.6584,0.9721,0.2154
mcp_server_and_spec,mcp-builder,21,0.9389,0.3065,0.7407,0.9543,0.2804
mcp_server_and_spec,mcp-builder,22,0.9356,0.3091,0.6407,0.9684,0.2176
mcp_server_and_spec,mcp-builder,23,0.9341,0.3065,0.6854,0.9595,0.2594
mcp_server_and_spec,mcp-builder,24,0.935,0.3026,0.7386,0.9421,0.3156
mcp_server_and_spec,mcp-builder,25,0.9298,0.3187,0.8307,0.9773,0.1874
mcp_server_and_spec,mcp-builder,26,0.9416,0.2779,0.7361,0.9571,0.2607
mcp_server_and_spec,mcp-builder,27,0.9457,0.2678,0.6958,0.9707,0.2082
mcp_server_and_spec,mcp-builder,28,0.9587,0.2217,0.6841,0.9552,0.2703
mcp_server_and_spec,mcp-builder,29,0.9551,0.2301,0.6465,0.9623,0.2282
mcp_server_and_spec,mcp-builder,30,0.9533,0.2336,0.6572,0.9747,0.188
mcp_server_and_spec,mcp-builder,31,0.9506,0.2479,0.6637,0.9711,0.2032
mcp_server_and_spec,mcp-builder,32,0.9532,0.2248,0.5828,0.9686,0.2121
mcp_server_and_spec,mcp-builder,33,0.9536,0.2155,0.6611,0.9598,0.246
mcp_server_and_spec,mcp-builder,34,0.9542,0.2113,0.6933,0.9555,0.2594
mcp_server_and_spec,mcp-builder,35,0.9543,0.2039,0.6894,0.9519,0.2661
mcp_server_and_spec,mcp-builder,36,0.9499,0.2364,0.6574,0.9722,0.196
mcp_server_and_spec,mcp-builder,37,0.9568,0.2091,0.6266,0.9713,0.1905
mcp_server_and_spec,mcp-builder,38,0.9513,0.2319,0.715,0.9756,0.1884
mcp_server_and_spec,mcp-builder,39,0.9586,0.2312,0.7504,0.9905,0.1129
mcp_server_and_spec,doc-coauthoring,0,1.0,0.0,0.9237,1.0,0.0024
mcp_server_and_spec,doc-coauthoring,1,0.9953,0.0862,0.6469,0.9993,0.0333
mcp_server_and_spec,doc-coauthoring,2,0.9902,0.1214,0.6554,0.9968,0.0691
mcp_server_and_spec,doc-coauthoring,3,0.9903,0.1262,0.4666,0.9932,0.1072
mcp_server_and_spec,doc-coauthoring,4,0.9882,0.1369,0.5382,0.9922,0.1126
mcp_server_and_spec,doc-coauthoring,5,0.9799,0.1765,0.5962,0.9943,0.0972
mcp_server_and_spec,doc-coauthoring,6,0.9827,0.168,0.3036,0.9866,0.1432
mcp_server_and_spec,doc-coauthoring,7,0.9869,0.1445,0.7097,0.9933,0.1125
mcp_server_and_spec,doc-coauthoring,8,0.9875,0.1401,0.748,0.9962,0.0827
mcp_server_and_spec,doc-coauthoring,9,0.9909,0.1184,0.6122,0.9949,0.0954
mcp_server_and_spec,doc-coauthoring,10,0.9901,0.1215,0.7591,0.9973,0.065
mcp_server_and_spec,doc-coauthoring,11,0.9893,0.1268,0.5478,0.9948,0.0897
mcp_server_and_spec,doc-coauthoring,12,0.9879,0.1351,0.5397,0.9878,0.1417
mcp_server_and_spec,doc-coauthoring,13,0.984,0.1561,0.4983,0.9892,0.1341
mcp_server_and_spec,doc-coauthoring,14,0.9774,0.1818,0.5523,0.9896,0.134
mcp_server_and_spec,doc-coauthoring,15,0.9829,0.1571,0.6449,0.9907,0.1311
mcp_server_and_spec,doc-coauthoring,16,0.9757,0.1841,0.7387,0.9924,0.1124
mcp_server_and_spec,doc-coauthoring,17,0.9753,0.1906,0.5804,0.985,0.1541
mcp_server_and_spec,doc-coauthoring,18,0.9637,0.2307,0.6034,0.9752,0.1993
mcp_server_and_spec,doc-coauthoring,19,0.9637,0.2273,0.558,0.974,0.2003
mcp_server_and_spec,doc-coauthoring,20,0.9543,0.2531,0.6072,0.9737,0.2042
mcp_server_and_spec,doc-coauthoring,21,0.9435,0.2943,0.671,0.9408,0.3134
mcp_server_and_spec,doc-coauthoring,22,0.9386,0.3058,0.552,0.9596,0.2433
mcp_server_and_spec,doc-coauthoring,23,0.9446,0.2872,0.5735,0.9457,0.3009
mcp_server_and_spec,doc-coauthoring,24,0.9467,0.2845,0.641,0.9073,0.4052
mcp_server_and_spec,doc-coauthoring,25,0.9402,0.3058,0.7922,0.9712,0.2314
mcp_server_and_spec,doc-coauthoring,26,0.9557,0.2517,0.6148,0.9363,0.3232
mcp_server_and_spec,doc-coauthoring,27,0.9539,0.2587,0.684,0.9613,0.2481
mcp_server_and_spec,doc-coauthoring,28,0.969,0.2046,0.5705,0.934,0.3339
mcp_server_and_spec,doc-coauthoring,29,0.9669,0.2082,0.5272,0.9502,0.2677
mcp_server_and_spec,doc-coauthoring,30,0.9637,0.2183,0.5773,0.9687,0.22
mcp_server_and_spec,doc-coauthoring,31,0.9627,0.2333,0.539,0.9666,0.2375
mcp_server_and_spec,doc-coauthoring,32,0.9678,0.2048,0.4827,0.9631,0.2479
mcp_server_and_spec,doc-coauthoring,33,0.9724,0.1834,0.5791,0.9502,0.2929
mcp_server_and_spec,doc-coauthoring,34,0.9728,0.1817,0.591,0.9384,0.3218
mcp_server_and_spec,doc-coauthoring,35,0.9747,0.1699,0.5675,0.9309,0.3366
mcp_server_and_spec,doc-coauthoring,36,0.968,0.2032,0.5577,0.9632,0.2392
mcp_server_and_spec,doc-coauthoring,37,0.9738,0.1807,0.5058,0.9657,0.2247
mcp_server_and_spec,doc-coauthoring,38,0.9688,0.2017,0.6971,0.9696,0.2283
mcp_server_and_spec,doc-coauthoring,39,0.9694,0.2125,0.7226,0.9899,0.128
web_artifact_with_theme,web-artifacts-builder,0,1.0,0.0,0.9314,1.0,0.0023
web_artifact_with_theme,web-artifacts-builder,1,0.992,0.108,0.6937,0.9985,0.0498
web_artifact_with_theme,web-artifacts-builder,2,0.9837,0.156,0.7507,0.9949,0.0934
web_artifact_with_theme,web-artifacts-builder,3,0.9843,0.1579,0.5331,0.9883,0.1449
web_artifact_with_theme,web-artifacts-builder,4,0.9845,0.1577,0.63,0.9891,0.1368
web_artifact_with_theme,web-artifacts-builder,5,0.9775,0.187,0.6075,0.9926,0.1128
web_artifact_with_theme,web-artifacts-builder,6,0.9838,0.1618,0.4327,0.9817,0.173
web_artifact_with_theme,web-artifacts-builder,7,0.9855,0.1464,0.7953,0.9922,0.1195
web_artifact_with_theme,web-artifacts-builder,8,0.9854,0.1442,0.8121,0.9955,0.0857
web_artifact_with_theme,web-artifacts-builder,9,0.9878,0.1321,0.6846,0.9945,0.0987
web_artifact_with_theme,web-artifacts-builder,10,0.9869,0.1356,0.8741,0.9967,0.0673
web_artifact_with_theme,web-artifacts-builder,11,0.9848,0.1464,0.6875,0.9927,0.106
web_artifact_with_theme,web-artifacts-builder,12,0.9783,0.1781,0.6531,0.9801,0.1804
web_artifact_with_theme,web-artifacts-builder,13,0.9703,0.2116,0.6296,0.98,0.1853
web_artifact_with_theme,web-artifacts-builder,14,0.9601,0.2469,0.6123,0.9817,0.1778
web_artifact_with_theme,web-artifacts-builder,15,0.9612,0.2439,0.678,0.9803,0.1874
web_artifact_with_theme,web-artifacts-builder,16,0.9499,0.2769,0.7821,0.9836,0.1693
web_artifact_with_theme,web-artifacts-builder,17,0.9473,0.2917,0.6699,0.963,0.2593
web_artifact_with_theme,web-artifacts-builder,18,0.9318,0.3254,0.6878,0.9539,0.2828
web_artifact_with_theme,web-artifacts-builder,19,0.9325,0.3209,0.6113,0.9516,0.2891
web_artifact_with_theme,web-artifacts-builder,20,0.919,0.3473,0.6766,0.9534,0.2849
web_artifact_with_theme,web-artifacts-builder,21,0.9123,0.371,0.7371,0.9284,0.361
web_artifact_with_theme,web-artifacts-builder,22,0.9107,0.3722,0.6499,0.9534,0.2741
web_artifact_with_theme,web-artifacts-builder,23,0.914,0.3592,0.6896,0.9355,0.3406
web_artifact_with_theme,web-artifacts-builder,24,0.9153,0.3575,0.7176,0.9097,0.4075
web_artifact_with_theme,web-artifacts-builder,25,0.9107,0.3727,0.8305,0.9678,0.243
web_artifact_with_theme,web-artifacts-builder,26,0.9286,0.3172,0.7196,0.9361,0.331
web_artifact_with_theme,web-artifacts-builder,27,0.9348,0.305,0.7059,0.9585,0.2631
web_artifact_with_theme,web-artifacts-builder,28,0.9511,0.2513,0.6828,0.9324,0.3463
web_artifact_with_theme,web-artifacts-builder,29,0.9476,0.2597,0.661,0.9465,0.2849
web_artifact_with_theme,web-artifacts-builder,30,0.9476,0.2601,0.6851,0.9648,0.2368
web_artifact_with_theme,web-artifacts-builder,31,0.9461,0.2708,0.6688,0.9622,0.2523
web_artifact_with_theme,web-artifacts-builder,32,0.9532,0.2435,0.6342,0.9597,0.2569
web_artifact_with_theme,web-artifacts-builder,33,0.9557,0.2298,0.6658,0.946,0.3029
web_artifact_with_theme,web-artifacts-builder,34,0.9579,0.224,0.6993,0.9402,0.3172
web_artifact_with_theme,web-artifacts-builder,35,0.9593,0.2156,0.6842,0.935,0.3253
web_artifact_with_theme,web-artifacts-builder,36,0.949,0.2559,0.6823,0.9638,0.2372
web_artifact_with_theme,web-artifacts-builder,37,0.9593,0.2252,0.6456,0.9652,0.2261
web_artifact_with_theme,web-artifacts-builder,38,0.952,0.2473,0.7259,0.9695,0.2293
web_artifact_with_theme,web-artifacts-builder,39,0.9537,0.2592,0.7763,0.9884,0.1355
web_artifact_with_theme,theme-factory,0,1.0,0.0,0.9225,1.0,0.0024
web_artifact_with_theme,theme-factory,1,0.99,0.127,0.6439,0.9983,0.0539
web_artifact_with_theme,theme-factory,2,0.9808,0.175,0.6529,0.9935,0.1071
web_artifact_with_theme,theme-factory,3,0.9819,0.1748,0.4993,0.9856,0.1639
web_artifact_with_theme,theme-factory,4,0.9795,0.1843,0.5899,0.9847,0.1648
web_artifact_with_theme,theme-factory,5,0.9665,0.2307,0.5802,0.989,0.1393
web_artifact_with_theme,theme-factory,6,0.9738,0.2068,0.3748,0.9703,0.2246
web_artifact_with_theme,theme-factory,7,0.9772,0.186,0.7363,0.9865,0.1624
web_artifact_with_theme,theme-factory,8,0.9763,0.1864,0.7628,0.9922,0.1143
web_artifact_with_theme,theme-factory,9,0.9813,0.1647,0.6068,0.9907,0.1315
web_artifact_with_theme,theme-factory,10,0.9788,0.1717,0.7997,0.9945,0.0882
web_artifact_with_theme,theme-factory,11,0.9763,0.1827,0.6079,0.9886,0.1355
web_artifact_with_theme,theme-factory,12,0.9685,0.2137,0.5516,0.9713,0.2222
web_artifact_with_theme,theme-factory,13,0.9595,0.2399,0.5685,0.9735,0.2125
web_artifact_with_theme,theme-factory,14,0.9443,0.2799,0.4947,0.9745,0.2111
web_artifact_with_theme,theme-factory,15,0.9529,0.2558,0.674,0.9767,0.2063
web_artifact_with_theme,theme-factory,16,0.9362,0.2996,0.7171,0.9804,0.1842
web_artifact_with_theme,theme-factory,17,0.9266,0.3292,0.5928,0.9558,0.2753
web_artifact_with_theme,theme-factory,18,0.8966,0.4001,0.62,0.9387,0.3195
web_artifact_with_theme,theme-factory,19,0.8995,0.3931,0.5981,0.9353,0.3333
web_artifact_with_theme,theme-factory,20,0.8815,0.4241,0.6246,0.9365,0.3333
web_artifact_with_theme,theme-factory,21,0.8679,0.4639,0.724,0.8978,0.4289
web_artifact_with_theme,theme-factory,22,0.866,0.4645,0.6343,0.932,0.3323
web_artifact_with_theme,theme-factory,23,0.8755,0.4425,0.6063,0.9095,0.4021
web_artifact_with_theme,theme-factory,24,0.878,0.438,0.6708,0.8659,0.4963
web_artifact_with_theme,theme-factory,25,0.8699,0.4602,0.8375,0.955,0.3031
web_artifact_with_theme,theme-factory,26,0.8985,0.389,0.6266,0.903,0.4091
web_artifact_with_theme,theme-factory,27,0.9062,0.3774,0.6446,0.9392,0.321
web_artifact_with_theme,theme-factory,28,0.932,0.3045,0.6529,0.8949,0.4313
web_artifact_with_theme,theme-factory,29,0.926,0.3198,0.588,0.92,0.3515
web_artifact_with_theme,theme-factory,30,0.9271,0.3137,0.6327,0.9452,0.3022
web_artifact_with_theme,theme-factory,31,0.9239,0.3345,0.5744,0.943,0.3235
web_artifact_with_theme,theme-factory,32,0.9332,0.298,0.5081,0.9384,0.3258
web_artifact_with_theme,theme-factory,33,0.9398,0.2745,0.5985,0.9188,0.383
web_artifact_with_theme,theme-factory,34,0.942,0.2684,0.6136,0.9065,0.4007
web_artifact_with_theme,theme-factory,35,0.9447,0.2546,0.5856,0.8999,0.4075
web_artifact_with_theme,theme-factory,36,0.9297,0.3067,0.6367,0.9436,0.3021
web_artifact_with_theme,theme-factory,37,0.9421,0.2707,0.5522,0.9476,0.2842
web_artifact_with_theme,theme-factory,38,0.9317,0.3003,0.7022,0.9539,0.291
web_artifact_with_theme,theme-factory,39,0.931,0.32,0.7492,0.9836,0.1647
launch_poster_page_pack,canvas-design,0,1.0,0.0,0.9237,1.0,0.0023
launch_poster_page_pack,canvas-design,1,0.9952,0.0856,0.6692,0.9992,0.0345
launch_poster_page_pack,canvas-design,2,0.991,0.1141,0.7024,0.9974,0.0623
launch_poster_page_pack,canvas-design,3,0.9915,0.1148,0.4668,0.9935,0.1028
launch_poster_page_pack,canvas-design,4,0.9908,0.1185,0.5489,0.9934,0.1008
launch_poster_page_pack,canvas-design,5,0.9863,0.1441,0.5599,0.9957,0.0822
launch_poster_page_pack,canvas-design,6,0.9882,0.137,0.3538,0.9889,0.1278
launch_poster_page_pack,canvas-design,7,0.9905,0.1207,0.7565,0.9954,0.0903
launch_poster_page_pack,canvas-design,8,0.9901,0.1224,0.7935,0.9974,0.0649
launch_poster_page_pack,canvas-design,9,0.9931,0.103,0.6091,0.9966,0.0761
launch_poster_page_pack,canvas-design,10,0.9923,0.107,0.8499,0.998,0.051
launch_poster_page_pack,canvas-design,11,0.9915,0.1127,0.6331,0.996,0.0763
launch_poster_page_pack,canvas-design,12,0.9873,0.1387,0.5582,0.9874,0.1396
launch_poster_page_pack,canvas-design,13,0.9831,0.1617,0.545,0.9868,0.1461
launch_poster_page_pack,canvas-design,14,0.9749,0.1965,0.5408,0.988,0.138
launch_poster_page_pack,canvas-design,15,0.9755,0.1953,0.6127,0.9837,0.163
launch_poster_page_pack,canvas-design,16,0.966,0.2316,0.7547,0.9864,0.1503
launch_poster_page_pack,canvas-design,17,0.9642,0.2465,0.5847,0.9681,0.2372
launch_poster_page_pack,canvas-design,18,0.9582,0.259,0.6313,0.9598,0.2651
launch_poster_page_pack,canvas-design,19,0.9631,0.2396,0.5544,0.9612,0.2606
launch_poster_page_pack,canvas-design,20,0.9591,0.2465,0.6407,0.9666,0.2388
launch_poster_page_pack,canvas-design,21,0.9536,0.2693,0.6994,0.9459,0.3146
launch_poster_page_pack,canvas-design,22,0.9536,0.2646,0.6146,0.9691,0.2215
launch_poster_page_pack,canvas-design,23,0.9567,0.2477,0.6583,0.9627,0.2569
launch_poster_page_pack,canvas-design,24,0.9574,0.2453,0.7188,0.9464,0.3109
launch_poster_page_pack,canvas-design,25,0.9542,0.2562,0.8269,0.9818,0.18
launch_poster_page_pack,canvas-design,26,0.9653,0.2141,0.7067,0.9617,0.2543
launch_poster_page_pack,canvas-design,27,0.9671,0.2086,0.6716,0.9783,0.1862
launch_poster_page_pack,canvas-design,28,0.9787,0.162,0.6672,0.9632,0.2527
launch_poster_page_pack,canvas-design,29,0.9772,0.1658,0.6156,0.9732,0.1967
launch_poster_page_pack,canvas-design,30,0.9766,0.1662,0.6201,0.9823,0.163
launch_poster_page_pack,canvas-design,31,0.9768,0.1757,0.6327,0.9814,0.1742
launch_poster_page_pack,canvas-design,32,0.9809,0.1507,0.5748,0.9798,0.1817
launch_poster_page_pack,canvas-design,33,0.9832,0.1357,0.6237,0.9705,0.2219
launch_poster_page_pack,canvas-design,34,0.9843,0.1321,0.6693,0.9664,0.2388
launch_poster_page_pack,canvas-design,35,0.9855,0.1218,0.6541,0.9645,0.2402
launch_poster_page_pack,canvas-design,36,0.9808,0.1515,0.6261,0.9801,0.1745
launch_poster_page_pack,canvas-design,37,0.9851,0.1308,0.6072,0.9817,0.1624
launch_poster_page_pack,canvas-design,38,0.982,0.1489,0.7022,0.9837,0.1661
launch_poster_page_pack,canvas-design,39,0.982,0.1577,0.7369,0.9943,0.094
launch_poster_page_pack,web-artifacts-builder,0,1.0,0.0,0.9277,1.0,0.0021
launch_poster_page_pack,web-artifacts-builder,1,0.9887,0.1369,0.6157,0.9978,0.0613
launch_poster_page_pack,web-artifacts-builder,2,0.9787,0.1854,0.6734,0.9929,0.1136
launch_poster_page_pack,web-artifacts-builder,3,0.9793,0.1883,0.4428,0.9852,0.1644
launch_poster_page_pack,web-artifacts-builder,4,0.9788,0.1887,0.6065,0.9856,0.1605
launch_poster_page_pack,web-artifacts-builder,5,0.9664,0.2314,0.5549,0.9897,0.1356
launch_poster_page_pack,web-artifacts-builder,6,0.974,0.2064,0.385,0.974,0.2106
launch_poster_page_pack,web-artifacts-builder,7,0.9786,0.1798,0.7274,0.9883,0.1499
launch_poster_page_pack,web-artifacts-builder,8,0.9783,0.1774,0.759,0.9933,0.1073
launch_poster_page_pack,web-artifacts-builder,9,0.982,0.1625,0.6225,0.9915,0.1262
launch_poster_page_pack,web-artifacts-builder,10,0.9797,0.1695,0.8033,0.9951,0.0858
launch_poster_page_pack,web-artifacts-builder,11,0.9766,0.1826,0.5909,0.9891,0.1333
launch_poster_page_pack,web-artifacts-builder,12,0.9699,0.209,0.5713,0.9728,0.216
launch_poster_page_pack,web-artifacts-builder,13,0.9594,0.2444,0.5691,0.974,0.2113
launch_poster_page_pack,web-artifacts-builder,14,0.9451,0.2839,0.5149,0.9754,0.2094
launch_poster_page_pack,web-artifacts-builder,15,0.9524,0.264,0.6863,0.9766,0.2091
launch_poster_page_pack,web-artifacts-builder,16,0.9368,0.3049,0.7029,0.98,0.1884
launch_poster_page_pack,web-artifacts-builder,17,0.931,0.3276,0.6167,0.9551,0.2828
launch_poster_page_pack,web-artifacts-builder,18,0.9057,0.385,0.6348,0.9393,0.3234
launch_poster_page_pack,web-artifacts-builder,19,0.9092,0.3723,0.5943,0.9358,0.3337
launch_poster_page_pack,web-artifacts-builder,20,0.8921,0.4052,0.626,0.9387,0.3292
launch_poster_page_pack,web-artifacts-builder,21,0.8825,0.438,0.7186,0.9023,0.4233
launch_poster_page_pack,web-artifacts-builder,22,0.8813,0.4372,0.6484,0.9373,0.321
launch_poster_page_pack,web-artifacts-builder,23,0.8876,0.4156,0.6365,0.9133,0.3974
launch_poster_page_pack,web-artifacts-builder,24,0.8896,0.4133,0.6833,0.8749,0.4827
launch_poster_page_pack,web-artifacts-builder,25,0.8835,0.4305,0.8288,0.9573,0.2867
launch_poster_page_pack,web-artifacts-builder,26,0.9077,0.3667,0.658,0.9118,0.3928
launch_poster_page_pack,web-artifacts-builder,27,0.9142,0.3565,0.6632,0.9433,0.3122
launch_poster_page_pack,web-artifacts-builder,28,0.938,0.2903,0.6384,0.9048,0.414
launch_poster_page_pack,web-artifacts-builder,29,0.9328,0.3026,0.596,0.9254,0.343
launch_poster_page_pack,web-artifacts-builder,30,0.9312,0.3039,0.6116,0.9492,0.2937
launch_poster_page_pack,web-artifacts-builder,31,0.93,0.3177,0.6226,0.9478,0.3116
launch_poster_page_pack,web-artifacts-builder,32,0.9413,0.2812,0.5192,0.9432,0.314
launch_poster_page_pack,web-artifacts-builder,33,0.9464,0.2622,0.577,0.9265,0.3649
launch_poster_page_pack,web-artifacts-builder,34,0.949,0.2551,0.6344,0.9171,0.38
launch_poster_page_pack,web-artifacts-builder,35,0.9521,0.2433,0.6277,0.909,0.3926
launch_poster_page_pack,web-artifacts-builder,36,0.9343,0.297,0.6507,0.9483,0.2908
launch_poster_page_pack,web-artifacts-builder,37,0.9485,0.2602,0.5524,0.9521,0.2755
launch_poster_page_pack,web-artifacts-builder,38,0.9379,0.2877,0.7067,0.9573,0.2819
launch_poster_page_pack,web-artifacts-builder,39,0.9356,0.3081,0.7138,0.9841,0.1628
launch_poster_page_pack,theme-factory,0,1.0,0.0,0.9185,1.0,0.0022
launch_poster_page_pack,theme-factory,1,0.9894,0.131,0.6316,0.9979,0.0602
launch_poster_page_pack,theme-factory,2,0.9806,0.1755,0.6455,0.9931,0.1108
launch_poster_page_pack,theme-factory,3,0.9817,0.1752,0.4216,0.985,0.167
launch_poster_page_pack,theme-factory,4,0.9788,0.1873,0.5546,0.9837,0.1711
launch_poster_page_pack,theme-factory,5,0.9643,0.2372,0.5658,0.988,0.146
launch_poster_page_pack,theme-factory,6,0.9709,0.2184,0.3393,0.9678,0.235
launch_poster_page_pack,theme-factory,7,0.975,0.195,0.6908,0.9846,0.1752
launch_poster_page_pack,theme-factory,8,0.974,0.1963,0.7551,0.9911,0.1231
launch_poster_page_pack,theme-factory,9,0.9793,0.1756,0.6217,0.9892,0.1439
launch_poster_page_pack,theme-factory,10,0.9768,0.1825,0.7657,0.9938,0.0958
launch_poster_page_pack,theme-factory,11,0.9742,0.1935,0.5807,0.9871,0.1469
launch_poster_page_pack,theme-factory,12,0.9658,0.2248,0.5181,0.9672,0.2404
launch_poster_page_pack,theme-factory,13,0.9557,0.254,0.5026,0.9701,0.2275
launch_poster_page_pack,theme-factory,14,0.9378,0.2978,0.5182,0.9699,0.2324
launch_poster_page_pack,theme-factory,15,0.9476,0.2717,0.6492,0.9722,0.2288
launch_poster_page_pack,theme-factory,16,0.9297,0.3172,0.7177,0.9772,0.2031
launch_poster_page_pack,theme-factory,17,0.9209,0.3444,0.5916,0.9506,0.2944
launch_poster_page_pack,theme-factory,18,0.8895,0.4155,0.5852,0.933,0.3369
launch_poster_page_pack,theme-factory,19,0.8944,0.4061,0.5807,0.9298,0.3506
launch_poster_page_pack,theme-factory,20,0.8733,0.441,0.6123,0.932,0.3477
launch_poster_page_pack,theme-factory,21,0.8596,0.479,0.6667,0.8909,0.4452
launch_poster_page_pack,theme-factory,22,0.8585,0.4789,0.5878,0.9286,0.343
launch_poster_page_pack,theme-factory,23,0.871,0.45,0.5807,0.906,0.4115
launch_poster_page_pack,theme-factory,24,0.8736,0.4446,0.6317,0.8628,0.5043
launch_poster_page_pack,theme-factory,25,0.8653,0.4661,0.8078,0.954,0.3142
launch_poster_page_pack,theme-factory,26,0.8952,0.3929,0.6173,0.9015,0.4144
launch_poster_page_pack,theme-factory,27,0.9045,0.3781,0.6494,0.9387,0.3241
launch_poster_page_pack,theme-factory,28,0.9297,0.3065,0.5843,0.8932,0.4374
launch_poster_page_pack,theme-factory,29,0.923,0.3221,0.5414,0.9184,0.3584
launch_poster_page_pack,theme-factory,30,0.9246,0.3154,0.5572,0.9422,0.3148
launch_poster_page_pack,theme-factory,31,0.9212,0.337,0.5277,0.9388,0.3407
launch_poster_page_pack,theme-factory,32,0.93,0.3008,0.5193,0.9338,0.3413
launch_poster_page_pack,theme-factory,33,0.9369,0.2767,0.5405,0.9133,0.4004
launch_poster_page_pack,theme-factory,34,0.9387,0.2718,0.571,0.9027,0.4117
launch_poster_page_pack,theme-factory,35,0.9408,0.259,0.5653,0.8959,0.4187
launch_poster_page_pack,theme-factory,36,0.9263,0.3089,0.5851,0.94,0.3155
launch_poster_page_pack,theme-factory,37,0.9388,0.2729,0.5036,0.9442,0.2983
launch_poster_page_pack,theme-factory,38,0.9292,0.3012,0.6983,0.9514,0.3051
launch_poster_page_pack,theme-factory,39,0.9284,0.3238,0.7463,0.9823,0.1735
slack_launch_pack,internal-comms,0,1.0,0.0018,0.9271,1.0,0.0029
slack_launch_pack,internal-comms,1,0.9867,0.1445,0.6573,0.9976,0.0637
slack_launch_pack,internal-comms,2,0.9758,0.1991,0.7137,0.9923,0.1214
slack_launch_pack,internal-comms,3,0.9772,0.1978,0.4969,0.9815,0.187
slack_launch_pack,internal-comms,4,0.9749,0.2069,0.5879,0.9813,0.1865
slack_launch_pack,internal-comms,5,0.9647,0.2434,0.5564,0.9869,0.1543
slack_launch_pack,internal-comms,6,0.9712,0.2242,0.3768,0.9644,0.2531
slack_launch_pack,internal-comms,7,0.9726,0.2131,0.7757,0.9862,0.166
slack_launch_pack,internal-comms,8,0.9727,0.2099,0.799,0.9921,0.116
slack_launch_pack,internal-comms,9,0.9788,0.1879,0.6263,0.991,0.132
slack_launch_pack,internal-comms,10,0.977,0.1942,0.8591,0.9946,0.0895
slack_launch_pack,internal-comms,11,0.9733,0.2107,0.6404,0.9879,0.1438
slack_launch_pack,internal-comms,12,0.9634,0.2498,0.5965,0.9681,0.2396
slack_launch_pack,internal-comms,13,0.9535,0.2766,0.5671,0.968,0.2453
slack_launch_pack,internal-comms,14,0.941,0.3084,0.5633,0.9729,0.2198
slack_launch_pack,internal-comms,15,0.9457,0.2981,0.6391,0.9733,0.2209
slack_launch_pack,internal-comms,16,0.9271,0.345,0.7369,0.9772,0.2046
slack_launch_pack,internal-comms,17,0.9218,0.3648,0.6344,0.9489,0.3094
slack_launch_pack,internal-comms,18,0.8939,0.4247,0.6487,0.9305,0.351
slack_launch_pack,internal-comms,19,0.8994,0.4124,0.5437,0.9274,0.3623
slack_launch_pack,internal-comms,20,0.8799,0.4459,0.6335,0.9344,0.348
slack_launch_pack,internal-comms,21,0.8684,0.4766,0.7078,0.8956,0.4416
slack_launch_pack,internal-comms,22,0.8642,0.48,0.6176,0.931,0.3401
slack_launch_pack,internal-comms,23,0.868,0.4673,0.6443,0.9096,0.4083
slack_launch_pack,internal-comms,24,0.8734,0.4573,0.6808,0.8757,0.4833
slack_launch_pack,internal-comms,25,0.8635,0.4822,0.8221,0.9562,0.2966
slack_launch_pack,internal-comms,26,0.8926,0.4105,0.6894,0.9093,0.4016
slack_launch_pack,internal-comms,27,0.8976,0.4021,0.6562,0.9377,0.328
slack_launch_pack,internal-comms,28,0.9284,0.3243,0.6351,0.8997,0.4267
slack_launch_pack,internal-comms,29,0.9224,0.3367,0.6084,0.9231,0.352
slack_launch_pack,internal-comms,30,0.922,0.3337,0.6459,0.9463,0.3028
slack_launch_pack,internal-comms,31,0.9191,0.3539,0.6269,0.9421,0.3299
slack_launch_pack,internal-comms,32,0.9291,0.3167,0.5635,0.9396,0.3283
slack_launch_pack,internal-comms,33,0.9346,0.2959,0.6099,0.9188,0.3872
slack_launch_pack,internal-comms,34,0.9368,0.2877,0.6584,0.9086,0.4036
slack_launch_pack,internal-comms,35,0.9391,0.2762,0.6401,0.9062,0.3999
slack_launch_pack,internal-comms,36,0.9275,0.321,0.6209,0.9456,0.3008
slack_launch_pack,internal-comms,37,0.9394,0.2854,0.5973,0.9479,0.2851
slack_launch_pack,internal-comms,38,0.9319,0.3113,0.6989,0.9551,0.2882
slack_launch_pack,internal-comms,39,0.9351,0.3177,0.7542,0.9846,0.1607
slack_launch_pack,slack-gif-creator,0,1.0,0.0001,0.9317,1.0,0.0024
slack_launch_pack,slack-gif-creator,1,0.9942,0.0944,0.6891,0.999,0.0391
slack_launch_pack,slack-gif-creator,2,0.99,0.1235,0.6947,0.997,0.0697
slack_launch_pack,slack-gif-creator,3,0.99,0.1263,0.5429,0.9926,0.1108
slack_launch_pack,slack-gif-creator,4,0.989,0.1311,0.585,0.9926,0.1097
slack_launch_pack,slack-gif-creator,5,0.9833,0.1597,0.6126,0.9949,0.0904
slack_launch_pack,slack-gif-creator,6,0.986,0.1477,0.3353,0.9869,0.1417
slack_launch_pack,slack-gif-creator,7,0.988,0.1338,0.786,0.994,0.1029
slack_launch_pack,slack-gif-creator,8,0.9886,0.1299,0.7682,0.9965,0.0742
slack_launch_pack,slack-gif-creator,9,0.9905,0.1178,0.6161,0.9957,0.0862
slack_launch_pack,slack-gif-creator,10,0.9897,0.1194,0.8355,0.9974,0.0587
slack_launch_pack,slack-gif-creator,11,0.9882,0.1268,0.6223,0.9947,0.0885
slack_launch_pack,slack-gif-creator,12,0.9842,0.1485,0.5825,0.9854,0.1502
slack_launch_pack,slack-gif-creator,13,0.9784,0.1726,0.6041,0.9856,0.1499
slack_launch_pack,slack-gif-creator,14,0.9707,0.2019,0.6122,0.9867,0.1449
slack_launch_pack,slack-gif-creator,15,0.9735,0.1888,0.6868,0.9871,0.1455
slack_launch_pack,slack-gif-creator,16,0.9623,0.2246,0.7584,0.9878,0.1398
slack_launch_pack,slack-gif-creator,17,0.9592,0.2446,0.6388,0.9724,0.2127
slack_launch_pack,slack-gif-creator,18,0.9443,0.2829,0.621,0.9589,0.2555
slack_launch_pack,slack-gif-creator,19,0.9468,0.2707,0.6184,0.9574,0.2596
slack_launch_pack,slack-gif-creator,20,0.9368,0.2889,0.6289,0.9565,0.2657
slack_launch_pack,slack-gif-creator,21,0.9251,0.3287,0.7293,0.9223,0.3622
slack_launch_pack,slack-gif-creator,22,0.9256,0.3231,0.5976,0.9521,0.2657
slack_launch_pack,slack-gif-creator,23,0.9283,0.3076,0.655,0.9388,0.318
slack_launch_pack,slack-gif-creator,24,0.9278,0.3084,0.7057,0.9111,0.3886
slack_launch_pack,slack-gif-creator,25,0.9228,0.3229,0.8264,0.9668,0.2359
slack_launch_pack,slack-gif-creator,26,0.9363,0.2787,0.6921,0.9325,0.3261
slack_launch_pack,slack-gif-creator,27,0.9394,0.2759,0.6507,0.9588,0.2485
slack_launch_pack,slack-gif-creator,28,0.9539,0.227,0.6826,0.9327,0.3291
slack_launch_pack,slack-gif-creator,29,0.9479,0.2413,0.606,0.9455,0.2722
slack_launch_pack,slack-gif-creator,30,0.9472,0.2438,0.6321,0.9638,0.2271
slack_launch_pack,slack-gif-creator,31,0.9441,0.2608,0.6014,0.96,0.244
slack_launch_pack,slack-gif-creator,32,0.9479,0.2377,0.5808,0.958,0.2475
slack_launch_pack,slack-gif-creator,33,0.9503,0.2248,0.6469,0.9452,0.2922
slack_launch_pack,slack-gif-creator,34,0.9507,0.2229,0.6798,0.938,0.3062
slack_launch_pack,slack-gif-creator,35,0.9504,0.2185,0.654,0.9306,0.3236
slack_launch_pack,slack-gif-creator,36,0.944,0.2485,0.6676,0.9609,0.235
slack_launch_pack,slack-gif-creator,37,0.952,0.2249,0.5667,0.9621,0.2232
slack_launch_pack,slack-gif-creator,38,0.9468,0.2432,0.7276,0.967,0.2251
slack_launch_pack,slack-gif-creator,39,0.9532,0.2458,0.7188,0.987,0.1369
slack_launch_pack,brand-guidelines,0,1.0,0.0,0.9271,1.0,0.0024
slack_launch_pack,brand-guidelines,1,0.989,0.133,0.6434,0.9977,0.0619
slack_launch_pack,brand-guidelines,2,0.9786,0.1881,0.666,0.9928,0.1169
slack_launch_pack,brand-guidelines,3,0.9782,0.191,0.4903,0.984,0.1736
slack_launch_pack,brand-guidelines,4,0.9761,0.1989,0.6203,0.9835,0.1743
slack_launch_pack,brand-guidelines,5,0.9612,0.2497,0.5701,0.987,0.1528
slack_launch_pack,brand-guidelines,6,0.9702,0.2209,0.4284,0.9669,0.2422
slack_launch_pack,brand-guidelines,7,0.9761,0.1932,0.7542,0.986,0.1681
slack_launch_pack,brand-guidelines,8,0.9764,0.1906,0.7748,0.9921,0.1176
slack_launch_pack,brand-guidelines,9,0.9798,0.1748,0.6383,0.9904,0.1356
slack_launch_pack,brand-guidelines,10,0.978,0.1789,0.8105,0.9944,0.0904
slack_launch_pack,brand-guidelines,11,0.9748,0.1908,0.6291,0.9881,0.1407
slack_launch_pack,brand-guidelines,12,0.9676,0.2197,0.5612,0.9706,0.2279
slack_launch_pack,brand-guidelines,13,0.9587,0.2431,0.5803,0.9726,0.2188
slack_launch_pack,brand-guidelines,14,0.9426,0.283,0.515,0.9739,0.2153
slack_launch_pack,brand-guidelines,15,0.9523,0.2553,0.6672,0.9762,0.2106
slack_launch_pack,brand-guidelines,16,0.9377,0.2945,0.7293,0.981,0.1833
slack_launch_pack,brand-guidelines,17,0.9298,0.3185,0.608,0.9566,0.2733
slack_launch_pack,brand-guidelines,18,0.8958,0.3984,0.6279,0.9366,0.3242
slack_launch_pack,brand-guidelines,19,0.8996,0.3846,0.5941,0.9345,0.3345
slack_launch_pack,brand-guidelines,20,0.8815,0.4148,0.6119,0.9332,0.3417
slack_launch_pack,brand-guidelines,21,0.8686,0.4579,0.7046,0.8806,0.4621
slack_launch_pack,brand-guidelines,22,0.868,0.4592,0.6605,0.9276,0.3393
slack_launch_pack,brand-guidelines,23,0.8796,0.4224,0.6092,0.9039,0.4126
slack_launch_pack,brand-guidelines,24,0.8816,0.4206,0.6582,0.8622,0.4999
slack_launch_pack,brand-guidelines,25,0.8722,0.4437,0.8414,0.9531,0.2977
slack_launch_pack,brand-guidelines,26,0.8973,0.3786,0.6426,0.9014,0.4103
slack_launch_pack,brand-guidelines,27,0.9042,0.3718,0.6466,0.9374,0.3214
slack_launch_pack,brand-guidelines,28,0.9324,0.2979,0.6472,0.8957,0.4297
slack_launch_pack,brand-guidelines,29,0.9242,0.314,0.5974,0.9198,0.3519
slack_launch_pack,brand-guidelines,30,0.9282,0.3032,0.6207,0.9458,0.3027
slack_launch_pack,brand-guidelines,31,0.9223,0.3301,0.5848,0.9431,0.3237
slack_launch_pack,brand-guidelines,32,0.9338,0.2923,0.5511,0.9393,0.3224
slack_launch_pack,brand-guidelines,33,0.9408,0.2692,0.5903,0.9213,0.3772
slack_launch_pack,brand-guidelines,34,0.9421,0.2664,0.6352,0.9097,0.3945
slack_launch_pack,brand-guidelines,35,0.945,0.2558,0.6145,0.9019,0.4063
slack_launch_pack,brand-guidelines,36,0.9274,0.3056,0.6685,0.9447,0.3
slack_launch_pack,brand-guidelines,37,0.9409,0.2712,0.5894,0.9477,0.2857
slack_launch_pack,brand-guidelines,38,0.931,0.3006,0.7084,0.9567,0.2795
slack_launch_pack,brand-guidelines,39,0.9302,0.3183,0.7646,0.9826,0.167
