offset,region,mode,layer,mass_mean_over_cases
0,skill_span,recompute,0,0.485347
0,skill_span,recompute,1,0.354693
0,skill_span,recompute,2,0.428304
0,skill_span,recompute,3,0.310029
0,skill_span,recompute,4,0.325520
0,skill_span,recompute,5,0.237706
0,skill_span,recompute,6,0.290291
0,skill_span,recompute,7,0.101483
0,skill_span,recompute,8,0.154353
0,skill_span,recompute,9,0.062249
0,skill_span,recompute,10,0.120044
0,skill_span,recompute,11,0.100442
0,skill_span,recompute,12,0.055354
0,skill_span,recompute,13,0.058335
0,skill_span,recompute,14,0.097368
0,skill_span,recompute,15,0.067994
0,skill_span,recompute,16,0.090225
0,skill_span,recompute,17,0.092086
0,skill_span,recompute,18,0.071626
0,skill_span,recompute,19,0.087243
0,skill_span,recompute,20,0.083056
0,skill_span,recompute,21,0.057468
0,skill_span,recompute,22,0.102600
0,skill_span,recompute,23,0.064815
0,skill_span,recompute,24,0.046815
0,skill_span,recompute,25,0.083049
0,skill_span,recompute,26,0.074234
0,skill_span,recompute,27,0.076007
0,skill_span,recompute,28,0.048800
0,skill_span,recompute,29,0.048233
0,skill_span,recompute,30,0.041588
0,skill_span,recompute,31,0.060436
0,skill_span,recompute,32,0.036260
0,skill_span,recompute,33,0.043543
0,skill_span,recompute,34,0.035220
0,skill_span,recompute,35,0.045320
0,skill_span,recompute,36,0.055697
0,skill_span,recompute,37,0.049718
0,skill_span,recompute,38,0.046075
0,skill_span,recompute,39,0.068908
0,skill_span,rope,0,0.484316
0,skill_span,rope,1,0.377027
0,skill_span,rope,2,0.432218
0,skill_span,rope,3,0.306869
0,skill_span,rope,4,0.338172
0,skill_span,rope,5,0.279312
0,skill_span,rope,6,0.271235
0,skill_span,rope,7,0.096733
0,skill_span,rope,8,0.151894
0,skill_span,rope,9,0.074167
0,skill_span,rope,10,0.147800
0,skill_span,rope,11,0.082309
0,skill_span,rope,12,0.051130
0,skill_span,rope,13,0.058115
0,skill_span,rope,14,0.085797
0,skill_span,rope,15,0.055043
0,skill_span,rope,16,0.096898
0,skill_span,rope,17,0.083394
0,skill_span,rope,18,0.078211
0,skill_span,rope,19,0.098316
0,skill_span,rope,20,0.078423
0,skill_span,rope,21,0.041950
0,skill_span,rope,22,0.083573
0,skill_span,rope,23,0.061775
0,skill_span,rope,24,0.038192
0,skill_span,rope,25,0.084219
0,skill_span,rope,26,0.038920
0,skill_span,rope,27,0.046213
0,skill_span,rope,28,0.024461
0,skill_span,rope,29,0.033972
0,skill_span,rope,30,0.030710
0,skill_span,rope,31,0.045944
0,skill_span,rope,32,0.025404
0,skill_span,rope,33,0.021698
0,skill_span,rope,34,0.019147
0,skill_span,rope,35,0.033843
0,skill_span,rope,36,0.046120
0,skill_span,rope,37,0.049848
0,skill_span,rope,38,0.051763
0,skill_span,rope,39,0.146897
0,pre_skill_context,recompute,0,0.044304
0,pre_skill_context,recompute,1,0.042803
0,pre_skill_context,recompute,2,0.054422
0,pre_skill_context,recompute,3,0.045883
0,pre_skill_context,recompute,4,0.054092
0,pre_skill_context,recompute,5,0.052969
0,pre_skill_context,recompute,6,0.057818
0,pre_skill_context,recompute,7,0.016437
0,pre_skill_context,recompute,8,0.027109
0,pre_skill_context,recompute,9,0.013152
0,pre_skill_context,recompute,10,0.048343
0,pre_skill_context,recompute,11,0.039120
0,pre_skill_context,recompute,12,0.064083
0,pre_skill_context,recompute,13,0.076442
0,pre_skill_context,recompute,14,0.054788
0,pre_skill_context,recompute,15,0.076291
0,pre_skill_context,recompute,16,0.080567
0,pre_skill_context,recompute,17,0.097733
0,pre_skill_context,recompute,18,0.054196
0,pre_skill_context,recompute,19,0.113019
0,pre_skill_context,recompute,20,0.094897
0,pre_skill_context,recompute,21,0.101374
0,pre_skill_context,recompute,22,0.110525
0,pre_skill_context,recompute,23,0.073169
0,pre_skill_context,recompute,24,0.047362
0,pre_skill_context,recompute,25,0.079133
0,pre_skill_context,recompute,26,0.057800
0,pre_skill_context,recompute,27,0.044406
0,pre_skill_context,recompute,28,0.034927
0,pre_skill_context,recompute,29,0.040446
0,pre_skill_context,recompute,30,0.028528
0,pre_skill_context,recompute,31,0.038526
0,pre_skill_context,recompute,32,0.022375
0,pre_skill_context,recompute,33,0.028870
0,pre_skill_context,recompute,34,0.029612
0,pre_skill_context,recompute,35,0.035494
0,pre_skill_context,recompute,36,0.032531
0,pre_skill_context,recompute,37,0.028245
0,pre_skill_context,recompute,38,0.029777
0,pre_skill_context,recompute,39,0.024753
0,pre_skill_context,rope,0,0.044396
0,pre_skill_context,rope,1,0.042742
0,pre_skill_context,rope,2,0.058897
0,pre_skill_context,rope,3,0.054411
0,pre_skill_context,rope,4,0.062008
0,pre_skill_context,rope,5,0.059226
0,pre_skill_context,rope,6,0.059641
0,pre_skill_context,rope,7,0.023357
0,pre_skill_context,rope,8,0.030582
0,pre_skill_context,rope,9,0.013642
0,pre_skill_context,rope,10,0.052837
0,pre_skill_context,rope,11,0.040860
0,pre_skill_context,rope,12,0.067706
0,pre_skill_context,rope,13,0.079227
0,pre_skill_context,rope,14,0.065256
0,pre_skill_context,rope,15,0.064917
0,pre_skill_context,rope,16,0.067969
0,pre_skill_context,rope,17,0.100556
0,pre_skill_context,rope,18,0.055088
0,pre_skill_context,rope,19,0.097010
0,pre_skill_context,rope,20,0.083059
0,pre_skill_context,rope,21,0.090819
0,pre_skill_context,rope,22,0.102173
0,pre_skill_context,rope,23,0.078957
0,pre_skill_context,rope,24,0.057130
0,pre_skill_context,rope,25,0.083073
0,pre_skill_context,rope,26,0.069658
0,pre_skill_context,rope,27,0.051803
0,pre_skill_context,rope,28,0.051885
0,pre_skill_context,rope,29,0.055254
0,pre_skill_context,rope,30,0.038654
0,pre_skill_context,rope,31,0.048366
0,pre_skill_context,rope,32,0.037719
0,pre_skill_context,rope,33,0.043994
0,pre_skill_context,rope,34,0.044670
0,pre_skill_context,rope,35,0.050695
0,pre_skill_context,rope,36,0.043000
0,pre_skill_context,rope,37,0.040832
0,pre_skill_context,rope,38,0.040006
0,pre_skill_context,rope,39,0.025413
30,skill_span,recompute,0,0.199648
30,skill_span,recompute,1,0.255462
30,skill_span,recompute,2,0.243559
30,skill_span,recompute,3,0.166048
30,skill_span,recompute,4,0.189050
30,skill_span,recompute,5,0.162109
30,skill_span,recompute,6,0.160156
30,skill_span,recompute,7,0.068506
30,skill_span,recompute,8,0.064965
30,skill_span,recompute,9,0.053121
30,skill_span,recompute,10,0.062208
30,skill_span,recompute,11,0.049795
30,skill_span,recompute,12,0.070663
30,skill_span,recompute,13,0.074913
30,skill_span,recompute,14,0.066066
30,skill_span,recompute,15,0.060679
30,skill_span,recompute,16,0.061092
30,skill_span,recompute,17,0.071080
30,skill_span,recompute,18,0.038638
30,skill_span,recompute,19,0.041060
30,skill_span,recompute,20,0.049555
30,skill_span,recompute,21,0.068817
30,skill_span,recompute,22,0.078869
30,skill_span,recompute,23,0.049391
30,skill_span,recompute,24,0.073081
30,skill_span,recompute,25,0.068077
30,skill_span,recompute,26,0.063499
30,skill_span,recompute,27,0.059088
30,skill_span,recompute,28,0.039439
30,skill_span,recompute,29,0.039948
30,skill_span,recompute,30,0.039937
30,skill_span,recompute,31,0.048163
30,skill_span,recompute,32,0.031237
30,skill_span,recompute,33,0.039431
30,skill_span,recompute,34,0.031577
30,skill_span,recompute,35,0.034944
30,skill_span,recompute,36,0.035506
30,skill_span,recompute,37,0.032603
30,skill_span,recompute,38,0.032563
30,skill_span,recompute,39,0.029560
30,skill_span,rope,0,0.203599
30,skill_span,rope,1,0.287807
30,skill_span,rope,2,0.251417
30,skill_span,rope,3,0.210443
30,skill_span,rope,4,0.211270
30,skill_span,rope,5,0.196892
30,skill_span,rope,6,0.151403
30,skill_span,rope,7,0.083225
30,skill_span,rope,8,0.069565
30,skill_span,rope,9,0.053472
30,skill_span,rope,10,0.068956
30,skill_span,rope,11,0.062280
30,skill_span,rope,12,0.082961
30,skill_span,rope,13,0.091351
30,skill_span,rope,14,0.073734
30,skill_span,rope,15,0.064233
30,skill_span,rope,16,0.074882
30,skill_span,rope,17,0.073597
30,skill_span,rope,18,0.038949
30,skill_span,rope,19,0.046940
30,skill_span,rope,20,0.046512
30,skill_span,rope,21,0.043594
30,skill_span,rope,22,0.050590
30,skill_span,rope,23,0.023770
30,skill_span,rope,24,0.031073
30,skill_span,rope,25,0.042228
30,skill_span,rope,26,0.025851
30,skill_span,rope,27,0.037597
30,skill_span,rope,28,0.028852
30,skill_span,rope,29,0.027266
30,skill_span,rope,30,0.028295
30,skill_span,rope,31,0.044469
30,skill_span,rope,32,0.027613
30,skill_span,rope,33,0.025556
30,skill_span,rope,34,0.017655
30,skill_span,rope,35,0.020468
30,skill_span,rope,36,0.018208
30,skill_span,rope,37,0.022411
30,skill_span,rope,38,0.031439
30,skill_span,rope,39,0.069163
30,pre_skill_context,recompute,0,0.032834
30,pre_skill_context,recompute,1,0.041543
30,pre_skill_context,recompute,2,0.046061
30,pre_skill_context,recompute,3,0.040620
30,pre_skill_context,recompute,4,0.040981
30,pre_skill_context,recompute,5,0.059434
30,pre_skill_context,recompute,6,0.049599
30,pre_skill_context,recompute,7,0.032125
30,pre_skill_context,recompute,8,0.012351
30,pre_skill_context,recompute,9,0.027470
30,pre_skill_context,recompute,10,0.011817
30,pre_skill_context,recompute,11,0.015918
30,pre_skill_context,recompute,12,0.096946
30,pre_skill_context,recompute,13,0.044030
30,pre_skill_context,recompute,14,0.062971
30,pre_skill_context,recompute,15,0.078677
30,pre_skill_context,recompute,16,0.072191
30,pre_skill_context,recompute,17,0.121631
30,pre_skill_context,recompute,18,0.101016
30,pre_skill_context,recompute,19,0.114143
30,pre_skill_context,recompute,20,0.079698
30,pre_skill_context,recompute,21,0.154922
30,pre_skill_context,recompute,22,0.094796
30,pre_skill_context,recompute,23,0.114387
30,pre_skill_context,recompute,24,0.127432
30,pre_skill_context,recompute,25,0.117921
30,pre_skill_context,recompute,26,0.122688
30,pre_skill_context,recompute,27,0.082948
30,pre_skill_context,recompute,28,0.123874
30,pre_skill_context,recompute,29,0.081804
30,pre_skill_context,recompute,30,0.071482
30,pre_skill_context,recompute,31,0.066936
30,pre_skill_context,recompute,32,0.040500
30,pre_skill_context,recompute,33,0.051131
30,pre_skill_context,recompute,34,0.084869
30,pre_skill_context,recompute,35,0.069164
30,pre_skill_context,recompute,36,0.032699
30,pre_skill_context,recompute,37,0.032537
30,pre_skill_context,recompute,38,0.043627
30,pre_skill_context,recompute,39,0.019676
30,pre_skill_context,rope,0,0.031368
30,pre_skill_context,rope,1,0.039736
30,pre_skill_context,rope,2,0.046898
30,pre_skill_context,rope,3,0.044185
30,pre_skill_context,rope,4,0.047008
30,pre_skill_context,rope,5,0.055570
30,pre_skill_context,rope,6,0.050786
30,pre_skill_context,rope,7,0.029742
30,pre_skill_context,rope,8,0.012909
30,pre_skill_context,rope,9,0.020240
30,pre_skill_context,rope,10,0.017829
30,pre_skill_context,rope,11,0.017511
30,pre_skill_context,rope,12,0.104485
30,pre_skill_context,rope,13,0.052905
30,pre_skill_context,rope,14,0.074040
30,pre_skill_context,rope,15,0.084466
30,pre_skill_context,rope,16,0.068902
30,pre_skill_context,rope,17,0.142236
30,pre_skill_context,rope,18,0.112776
30,pre_skill_context,rope,19,0.117795
30,pre_skill_context,rope,20,0.088720
30,pre_skill_context,rope,21,0.182914
30,pre_skill_context,rope,22,0.095161
30,pre_skill_context,rope,23,0.130531
30,pre_skill_context,rope,24,0.161785
30,pre_skill_context,rope,25,0.110700
30,pre_skill_context,rope,26,0.138410
30,pre_skill_context,rope,27,0.100556
30,pre_skill_context,rope,28,0.180036
30,pre_skill_context,rope,29,0.105676
30,pre_skill_context,rope,30,0.098573
30,pre_skill_context,rope,31,0.093336
30,pre_skill_context,rope,32,0.063633
30,pre_skill_context,rope,33,0.071086
30,pre_skill_context,rope,34,0.107582
30,pre_skill_context,rope,35,0.101020
30,pre_skill_context,rope,36,0.055150
30,pre_skill_context,rope,37,0.049621
30,pre_skill_context,rope,38,0.046451
30,pre_skill_context,rope,39,0.017931
60,skill_span,recompute,0,0.178090
60,skill_span,recompute,1,0.204171
60,skill_span,recompute,2,0.229752
60,skill_span,recompute,3,0.166688
60,skill_span,recompute,4,0.173641
60,skill_span,recompute,5,0.152237
60,skill_span,recompute,6,0.125518
60,skill_span,recompute,7,0.046945
60,skill_span,recompute,8,0.045122
60,skill_span,recompute,9,0.034354
60,skill_span,recompute,10,0.045808
60,skill_span,recompute,11,0.041280
60,skill_span,recompute,12,0.037226
60,skill_span,recompute,13,0.040660
60,skill_span,recompute,14,0.042392
60,skill_span,recompute,15,0.033818
60,skill_span,recompute,16,0.036678
60,skill_span,recompute,17,0.046993
60,skill_span,recompute,18,0.025270
60,skill_span,recompute,19,0.026672
60,skill_span,recompute,20,0.033133
60,skill_span,recompute,21,0.047654
60,skill_span,recompute,22,0.054886
60,skill_span,recompute,23,0.037411
60,skill_span,recompute,24,0.054881
60,skill_span,recompute,25,0.048764
60,skill_span,recompute,26,0.047821
60,skill_span,recompute,27,0.040473
60,skill_span,recompute,28,0.037027
60,skill_span,recompute,29,0.035771
60,skill_span,recompute,30,0.036258
60,skill_span,recompute,31,0.043000
60,skill_span,recompute,32,0.028750
60,skill_span,recompute,33,0.034010
60,skill_span,recompute,34,0.026477
60,skill_span,recompute,35,0.027832
60,skill_span,recompute,36,0.028168
60,skill_span,recompute,37,0.027181
60,skill_span,recompute,38,0.027361
60,skill_span,recompute,39,0.027591
60,skill_span,rope,0,0.177557
60,skill_span,rope,1,0.244755
60,skill_span,rope,2,0.255487
60,skill_span,rope,3,0.192736
60,skill_span,rope,4,0.204162
60,skill_span,rope,5,0.188306
60,skill_span,rope,6,0.138762
60,skill_span,rope,7,0.056928
60,skill_span,rope,8,0.052441
60,skill_span,rope,9,0.038028
60,skill_span,rope,10,0.053592
60,skill_span,rope,11,0.045052
60,skill_span,rope,12,0.041490
60,skill_span,rope,13,0.051792
60,skill_span,rope,14,0.055080
60,skill_span,rope,15,0.041384
60,skill_span,rope,16,0.050085
60,skill_span,rope,17,0.049517
60,skill_span,rope,18,0.037130
60,skill_span,rope,19,0.035130
60,skill_span,rope,20,0.030367
60,skill_span,rope,21,0.030709
60,skill_span,rope,22,0.036092
60,skill_span,rope,23,0.026149
60,skill_span,rope,24,0.034920
60,skill_span,rope,25,0.042883
60,skill_span,rope,26,0.034357
60,skill_span,rope,27,0.049517
60,skill_span,rope,28,0.041157
60,skill_span,rope,29,0.035619
60,skill_span,rope,30,0.031889
60,skill_span,rope,31,0.045841
60,skill_span,rope,32,0.033994
60,skill_span,rope,33,0.033293
60,skill_span,rope,34,0.028028
60,skill_span,rope,35,0.037941
60,skill_span,rope,36,0.021636
60,skill_span,rope,37,0.028302
60,skill_span,rope,38,0.031876
60,skill_span,rope,39,0.062595
60,pre_skill_context,recompute,0,0.028876
60,pre_skill_context,recompute,1,0.037309
60,pre_skill_context,recompute,2,0.047632
60,pre_skill_context,recompute,3,0.037492
60,pre_skill_context,recompute,4,0.041685
60,pre_skill_context,recompute,5,0.041740
60,pre_skill_context,recompute,6,0.028993
60,pre_skill_context,recompute,7,0.012499
60,pre_skill_context,recompute,8,0.007261
60,pre_skill_context,recompute,9,0.010004
60,pre_skill_context,recompute,10,0.008937
60,pre_skill_context,recompute,11,0.006756
60,pre_skill_context,recompute,12,0.023080
60,pre_skill_context,recompute,13,0.023077
60,pre_skill_context,recompute,14,0.027476
60,pre_skill_context,recompute,15,0.037503
60,pre_skill_context,recompute,16,0.032075
60,pre_skill_context,recompute,17,0.047942
60,pre_skill_context,recompute,18,0.038509
60,pre_skill_context,recompute,19,0.042909
60,pre_skill_context,recompute,20,0.038226
60,pre_skill_context,recompute,21,0.076173
60,pre_skill_context,recompute,22,0.055862
60,pre_skill_context,recompute,23,0.043196
60,pre_skill_context,recompute,24,0.073079
60,pre_skill_context,recompute,25,0.055918
60,pre_skill_context,recompute,26,0.049654
60,pre_skill_context,recompute,27,0.037492
60,pre_skill_context,recompute,28,0.055714
60,pre_skill_context,recompute,29,0.041236
60,pre_skill_context,recompute,30,0.034263
60,pre_skill_context,recompute,31,0.038743
60,pre_skill_context,recompute,32,0.024550
60,pre_skill_context,recompute,33,0.029003
60,pre_skill_context,recompute,34,0.031396
60,pre_skill_context,recompute,35,0.032049
60,pre_skill_context,recompute,36,0.018912
60,pre_skill_context,recompute,37,0.020102
60,pre_skill_context,recompute,38,0.021843
60,pre_skill_context,recompute,39,0.012788
60,pre_skill_context,rope,0,0.030347
60,pre_skill_context,rope,1,0.040559
60,pre_skill_context,rope,2,0.051432
60,pre_skill_context,rope,3,0.041374
60,pre_skill_context,rope,4,0.043973
60,pre_skill_context,rope,5,0.049516
60,pre_skill_context,rope,6,0.039455
60,pre_skill_context,rope,7,0.016337
60,pre_skill_context,rope,8,0.011405
60,pre_skill_context,rope,9,0.014034
60,pre_skill_context,rope,10,0.010177
60,pre_skill_context,rope,11,0.009066
60,pre_skill_context,rope,12,0.033965
60,pre_skill_context,rope,13,0.032650
60,pre_skill_context,rope,14,0.035704
60,pre_skill_context,rope,15,0.040276
60,pre_skill_context,rope,16,0.043064
60,pre_skill_context,rope,17,0.061811
60,pre_skill_context,rope,18,0.050439
60,pre_skill_context,rope,19,0.061146
60,pre_skill_context,rope,20,0.060096
60,pre_skill_context,rope,21,0.106804
60,pre_skill_context,rope,22,0.069843
60,pre_skill_context,rope,23,0.060934
60,pre_skill_context,rope,24,0.088554
60,pre_skill_context,rope,25,0.075051
60,pre_skill_context,rope,26,0.063914
60,pre_skill_context,rope,27,0.049906
60,pre_skill_context,rope,28,0.058549
60,pre_skill_context,rope,29,0.046688
60,pre_skill_context,rope,30,0.038395
60,pre_skill_context,rope,31,0.044269
60,pre_skill_context,rope,32,0.036494
60,pre_skill_context,rope,33,0.041382
60,pre_skill_context,rope,34,0.043096
60,pre_skill_context,rope,35,0.046733
60,pre_skill_context,rope,36,0.034360
60,pre_skill_context,rope,37,0.034822
60,pre_skill_context,rope,38,0.039071
60,pre_skill_context,rope,39,0.017000
90,skill_span,recompute,0,0.142588
90,skill_span,recompute,1,0.192180
90,skill_span,recompute,2,0.219272
90,skill_span,recompute,3,0.156372
90,skill_span,recompute,4,0.167716
90,skill_span,recompute,5,0.143101
90,skill_span,recompute,6,0.110991
90,skill_span,recompute,7,0.046720
90,skill_span,recompute,8,0.034938
90,skill_span,recompute,9,0.031455
90,skill_span,recompute,10,0.037864
90,skill_span,recompute,11,0.032750
90,skill_span,recompute,12,0.033854
90,skill_span,recompute,13,0.034971
90,skill_span,recompute,14,0.037451
90,skill_span,recompute,15,0.030090
90,skill_span,recompute,16,0.031328
90,skill_span,recompute,17,0.040394
90,skill_span,recompute,18,0.025779
90,skill_span,recompute,19,0.022505
90,skill_span,recompute,20,0.026008
90,skill_span,recompute,21,0.047936
90,skill_span,recompute,22,0.050098
90,skill_span,recompute,23,0.038063
90,skill_span,recompute,24,0.056204
90,skill_span,recompute,25,0.047593
90,skill_span,recompute,26,0.051752
90,skill_span,recompute,27,0.040694
90,skill_span,recompute,28,0.041495
90,skill_span,recompute,29,0.038876
90,skill_span,recompute,30,0.035418
90,skill_span,recompute,31,0.043402
90,skill_span,recompute,32,0.031724
90,skill_span,recompute,33,0.034923
90,skill_span,recompute,34,0.031921
90,skill_span,recompute,35,0.033325
90,skill_span,recompute,36,0.029702
90,skill_span,recompute,37,0.028486
90,skill_span,recompute,38,0.028374
90,skill_span,recompute,39,0.024685
90,skill_span,rope,0,0.168068
90,skill_span,rope,1,0.219866
90,skill_span,rope,2,0.236067
90,skill_span,rope,3,0.172249
90,skill_span,rope,4,0.183911
90,skill_span,rope,5,0.176176
90,skill_span,rope,6,0.126551
90,skill_span,rope,7,0.050759
90,skill_span,rope,8,0.041852
90,skill_span,rope,9,0.034651
90,skill_span,rope,10,0.045705
90,skill_span,rope,11,0.038244
90,skill_span,rope,12,0.045682
90,skill_span,rope,13,0.051372
90,skill_span,rope,14,0.039043
90,skill_span,rope,15,0.033895
90,skill_span,rope,16,0.043605
90,skill_span,rope,17,0.043283
90,skill_span,rope,18,0.027628
90,skill_span,rope,19,0.026828
90,skill_span,rope,20,0.026664
90,skill_span,rope,21,0.023973
90,skill_span,rope,22,0.029592
90,skill_span,rope,23,0.015368
90,skill_span,rope,24,0.023044
90,skill_span,rope,25,0.029713
90,skill_span,rope,26,0.020383
90,skill_span,rope,27,0.030448
90,skill_span,rope,28,0.026274
90,skill_span,rope,29,0.023050
90,skill_span,rope,30,0.020803
90,skill_span,rope,31,0.034644
90,skill_span,rope,32,0.026345
90,skill_span,rope,33,0.024347
90,skill_span,rope,34,0.018832
90,skill_span,rope,35,0.028948
90,skill_span,rope,36,0.015577
90,skill_span,rope,37,0.024468
90,skill_span,rope,38,0.026117
90,skill_span,rope,39,0.061175
90,pre_skill_context,recompute,0,0.028551
90,pre_skill_context,recompute,1,0.040266
90,pre_skill_context,recompute,2,0.048750
90,pre_skill_context,recompute,3,0.037227
90,pre_skill_context,recompute,4,0.039590
90,pre_skill_context,recompute,5,0.045694
90,pre_skill_context,recompute,6,0.028454
90,pre_skill_context,recompute,7,0.011587
90,pre_skill_context,recompute,8,0.005038
90,pre_skill_context,recompute,9,0.010952
90,pre_skill_context,recompute,10,0.006415
90,pre_skill_context,recompute,11,0.007154
90,pre_skill_context,recompute,12,0.025916
90,pre_skill_context,recompute,13,0.017043
90,pre_skill_context,recompute,14,0.028714
90,pre_skill_context,recompute,15,0.030927
90,pre_skill_context,recompute,16,0.031497
90,pre_skill_context,recompute,17,0.053400
90,pre_skill_context,recompute,18,0.044779
90,pre_skill_context,recompute,19,0.041958
90,pre_skill_context,recompute,20,0.040423
90,pre_skill_context,recompute,21,0.091486
90,pre_skill_context,recompute,22,0.049246
90,pre_skill_context,recompute,23,0.039005
90,pre_skill_context,recompute,24,0.057759
90,pre_skill_context,recompute,25,0.037432
90,pre_skill_context,recompute,26,0.040852
90,pre_skill_context,recompute,27,0.032549
90,pre_skill_context,recompute,28,0.042309
90,pre_skill_context,recompute,29,0.031284
90,pre_skill_context,recompute,30,0.028852
90,pre_skill_context,recompute,31,0.032283
90,pre_skill_context,recompute,32,0.024569
90,pre_skill_context,recompute,33,0.025523
90,pre_skill_context,recompute,34,0.030294
90,pre_skill_context,recompute,35,0.034451
90,pre_skill_context,recompute,36,0.020559
90,pre_skill_context,recompute,37,0.020090
90,pre_skill_context,recompute,38,0.019570
90,pre_skill_context,recompute,39,0.011435
90,pre_skill_context,rope,0,0.032108
90,pre_skill_context,rope,1,0.038542
90,pre_skill_context,rope,2,0.049212
90,pre_skill_context,rope,3,0.040597
90,pre_skill_context,rope,4,0.043443
90,pre_skill_context,rope,5,0.046488
90,pre_skill_context,rope,6,0.031885
90,pre_skill_context,rope,7,0.012086
90,pre_skill_context,rope,8,0.006577
90,pre_skill_context,rope,9,0.008486
90,pre_skill_context,rope,10,0.008680
90,pre_skill_context,rope,11,0.008494
90,pre_skill_context,rope,12,0.033165
90,pre_skill_context,rope,13,0.020786
90,pre_skill_context,rope,14,0.027799
90,pre_skill_context,rope,15,0.033336
90,pre_skill_context,rope,16,0.040059
90,pre_skill_context,rope,17,0.057538
90,pre_skill_context,rope,18,0.052360
90,pre_skill_context,rope,19,0.055520
90,pre_skill_context,rope,20,0.052757
90,pre_skill_context,rope,21,0.119628
90,pre_skill_context,rope,22,0.071353
90,pre_skill_context,rope,23,0.060200
90,pre_skill_context,rope,24,0.086390
90,pre_skill_context,rope,25,0.062138
90,pre_skill_context,rope,26,0.071576
90,pre_skill_context,rope,27,0.046860
90,pre_skill_context,rope,28,0.066604
90,pre_skill_context,rope,29,0.052833
90,pre_skill_context,rope,30,0.042133
90,pre_skill_context,rope,31,0.045884
90,pre_skill_context,rope,32,0.040428
90,pre_skill_context,rope,33,0.042681
90,pre_skill_context,rope,34,0.047934
90,pre_skill_context,rope,35,0.052355
90,pre_skill_context,rope,36,0.033392
90,pre_skill_context,rope,37,0.033295
90,pre_skill_context,rope,38,0.031720
90,pre_skill_context,rope,39,0.013641
120,skill_span,recompute,0,0.152763
120,skill_span,recompute,1,0.171010
120,skill_span,recompute,2,0.207949
120,skill_span,recompute,3,0.157597
120,skill_span,recompute,4,0.156686
120,skill_span,recompute,5,0.134812
120,skill_span,recompute,6,0.099713
120,skill_span,recompute,7,0.035434
120,skill_span,recompute,8,0.027845
120,skill_span,recompute,9,0.023941
120,skill_span,recompute,10,0.031889
120,skill_span,recompute,11,0.027687
120,skill_span,recompute,12,0.025876
120,skill_span,recompute,13,0.026411
120,skill_span,recompute,14,0.026584
120,skill_span,recompute,15,0.021673
120,skill_span,recompute,16,0.023602
120,skill_span,recompute,17,0.027885
120,skill_span,recompute,18,0.014848
120,skill_span,recompute,19,0.017496
120,skill_span,recompute,20,0.021316
120,skill_span,recompute,21,0.032973
120,skill_span,recompute,22,0.040067
120,skill_span,recompute,23,0.030750
120,skill_span,recompute,24,0.041541
120,skill_span,recompute,25,0.037386
120,skill_span,recompute,26,0.044680
120,skill_span,recompute,27,0.035602
120,skill_span,recompute,28,0.033478
120,skill_span,recompute,29,0.032505
120,skill_span,recompute,30,0.031996
120,skill_span,recompute,31,0.035046
120,skill_span,recompute,32,0.026357
120,skill_span,recompute,33,0.031286
120,skill_span,recompute,34,0.027584
120,skill_span,recompute,35,0.029719
120,skill_span,recompute,36,0.029862
120,skill_span,recompute,37,0.025408
120,skill_span,recompute,38,0.025967
120,skill_span,recompute,39,0.021241
120,skill_span,rope,0,0.144087
120,skill_span,rope,1,0.214885
120,skill_span,rope,2,0.228416
120,skill_span,rope,3,0.173458
120,skill_span,rope,4,0.180072
120,skill_span,rope,5,0.171695
120,skill_span,rope,6,0.119746
120,skill_span,rope,7,0.054647
120,skill_span,rope,8,0.039008
120,skill_span,rope,9,0.035086
120,skill_span,rope,10,0.044313
120,skill_span,rope,11,0.038587
120,skill_span,rope,12,0.049064
120,skill_span,rope,13,0.045327
120,skill_span,rope,14,0.036390
120,skill_span,rope,15,0.037819
120,skill_span,rope,16,0.041623
120,skill_span,rope,17,0.036467
120,skill_span,rope,18,0.027263
120,skill_span,rope,19,0.025618
120,skill_span,rope,20,0.026504
120,skill_span,rope,21,0.025090
120,skill_span,rope,22,0.029056
120,skill_span,rope,23,0.018888
120,skill_span,rope,24,0.027970
120,skill_span,rope,25,0.030595
120,skill_span,rope,26,0.021159
120,skill_span,rope,27,0.032307
120,skill_span,rope,28,0.027812
120,skill_span,rope,29,0.023285
120,skill_span,rope,30,0.019900
120,skill_span,rope,31,0.036115
120,skill_span,rope,32,0.024162
120,skill_span,rope,33,0.023149
120,skill_span,rope,34,0.020124
120,skill_span,rope,35,0.025289
120,skill_span,rope,36,0.014048
120,skill_span,rope,37,0.021470
120,skill_span,rope,38,0.022757
120,skill_span,rope,39,0.058679
120,pre_skill_context,recompute,0,0.025880
120,pre_skill_context,recompute,1,0.037232
120,pre_skill_context,recompute,2,0.043962
120,pre_skill_context,recompute,3,0.031991
120,pre_skill_context,recompute,4,0.037630
120,pre_skill_context,recompute,5,0.040545
120,pre_skill_context,recompute,6,0.025370
120,pre_skill_context,recompute,7,0.009242
120,pre_skill_context,recompute,8,0.005278
120,pre_skill_context,recompute,9,0.004118
120,pre_skill_context,recompute,10,0.006192
120,pre_skill_context,recompute,11,0.005011
120,pre_skill_context,recompute,12,0.024566
120,pre_skill_context,recompute,13,0.013374
120,pre_skill_context,recompute,14,0.017536
120,pre_skill_context,recompute,15,0.021664
120,pre_skill_context,recompute,16,0.028067
120,pre_skill_context,recompute,17,0.034885
120,pre_skill_context,recompute,18,0.031864
120,pre_skill_context,recompute,19,0.032669
120,pre_skill_context,recompute,20,0.029507
120,pre_skill_context,recompute,21,0.070810
120,pre_skill_context,recompute,22,0.046927
120,pre_skill_context,recompute,23,0.036671
120,pre_skill_context,recompute,24,0.064498
120,pre_skill_context,recompute,25,0.040331
120,pre_skill_context,recompute,26,0.045191
120,pre_skill_context,recompute,27,0.033379
120,pre_skill_context,recompute,28,0.049950
120,pre_skill_context,recompute,29,0.034244
120,pre_skill_context,recompute,30,0.025285
120,pre_skill_context,recompute,31,0.031071
120,pre_skill_context,recompute,32,0.021944
120,pre_skill_context,recompute,33,0.025140
120,pre_skill_context,recompute,34,0.026115
120,pre_skill_context,recompute,35,0.030126
120,pre_skill_context,recompute,36,0.018952
120,pre_skill_context,recompute,37,0.018268
120,pre_skill_context,recompute,38,0.017736
120,pre_skill_context,recompute,39,0.010475
120,pre_skill_context,rope,0,0.028188
120,pre_skill_context,rope,1,0.038202
120,pre_skill_context,rope,2,0.046665
120,pre_skill_context,rope,3,0.037385
120,pre_skill_context,rope,4,0.043128
120,pre_skill_context,rope,5,0.043402
120,pre_skill_context,rope,6,0.031460
120,pre_skill_context,rope,7,0.014981
120,pre_skill_context,rope,8,0.008073
120,pre_skill_context,rope,9,0.008531
120,pre_skill_context,rope,10,0.009622
120,pre_skill_context,rope,11,0.008162
120,pre_skill_context,rope,12,0.031974
120,pre_skill_context,rope,13,0.021498
120,pre_skill_context,rope,14,0.027987
120,pre_skill_context,rope,15,0.034860
120,pre_skill_context,rope,16,0.034802
120,pre_skill_context,rope,17,0.054985
120,pre_skill_context,rope,18,0.053768
120,pre_skill_context,rope,19,0.047687
120,pre_skill_context,rope,20,0.048522
120,pre_skill_context,rope,21,0.107198
120,pre_skill_context,rope,22,0.064613
120,pre_skill_context,rope,23,0.068046
120,pre_skill_context,rope,24,0.104078
120,pre_skill_context,rope,25,0.070138
120,pre_skill_context,rope,26,0.080934
120,pre_skill_context,rope,27,0.061301
120,pre_skill_context,rope,28,0.092408
120,pre_skill_context,rope,29,0.065364
120,pre_skill_context,rope,30,0.063777
120,pre_skill_context,rope,31,0.062398
120,pre_skill_context,rope,32,0.044696
120,pre_skill_context,rope,33,0.054517
120,pre_skill_context,rope,34,0.059665
120,pre_skill_context,rope,35,0.061546
120,pre_skill_context,rope,36,0.041463
120,pre_skill_context,rope,37,0.037847
120,pre_skill_context,rope,38,0.037571
120,pre_skill_context,rope,39,0.014914
